{
  "R@1": 0.13272311212814644,
  "R@5": 0.2723112128146453,
  "R@10": 0.32036613272311215,
  "mAP": 0.04022098200458359,
  "num_queries": 437,
  "num_gallery": 8291,
  "num_ids": 437
}